Domain,Registrar
example.com,RESERVED-Internet Assigned Numbers Authority
testsite.org,Squarespace Domains II LLC
mywebsite.net,"GoDaddy.com, LLC"
coolapp.io,"Amazon Registrar, Inc."
dataservice.co,"Register.com, Inc."
securityhub.ai,"NameCheap, Inc."
retailstore.biz,"Spaceship, Inc."
fintechsolutions.app,N/A
cloudhost.dev,N/A
healthplus.org,"Network Solutions, LLC"
edulearn.io,NAMECHEAP INC
travelbuddy.net,PDR Ltd. d/b/a PublicDomainRegistry.com
sportstrack.ai,N/A
foodiespot.co,N/A
creativeminds.biz,"TUCOWS, INC."
investsmart.app,N/A
quickshop.store,"GoDaddy.com, LLC"
securelogin.net,"GoDaddy.com, LLC"
meditech.org,"ANNULET, INC"
